               epoch,      train/box_loss,      train/obj_loss,      train/cls_loss,   metrics/precision,      metrics/recall,     metrics/mAP_0.5,metrics/mAP_0.5:0.95,        val/box_loss,        val/obj_loss,        val/cls_loss,               x/lr0,               x/lr1,               x/lr2
                   0,            0.069676,            0.033575,            0.040736,             0.41865,             0.36321,              0.2187,             0.09498,            0.047057,            0.018341,            0.028341,             0.07008,           0.0033244,           0.0033244
                   1,            0.048529,            0.025711,            0.027569,             0.46077,             0.46104,             0.31498,             0.15288,            0.041954,            0.016873,             0.02213,            0.037883,           0.0044607,           0.0044607
                   2,            0.040588,            0.024351,            0.023597,             0.50678,             0.56512,             0.37571,              0.2078,            0.035758,             0.01598,            0.019967,           0.0034859,            0.003397,            0.003397
